<addon id="plugin.video.bhatitheatre"
       name="Bhati Theatre"
       version="1.0.0"
       provider-name="Piyush">
    <requires>
        <import addon="xbmc.python" version="3.0.0"/>
        <import addon="script.module.requests"/>
        <import addon="script.module.beautifulsoup4"/>
    </requires>
    <extension point="xbmc.python.plugin"
               library="main.py"/>
    <extension point="xbmc.addon.metadata">
        <summary>Watch All Movies For Free</summary>
        <description>An open source app by Piyush Bhati</description>
        <platform>all</platform>
    </extension>
</addon>
